EPC,AntID,RSSI,Timestamp
ABCF0001,1,81,2025-03-29 14:20:05.455
ABCF0005,1,82,2025-03-29 14:20:05.459
ABCF0005,2,81,2025-03-29 14:20:05.461
ABCF0007,3,77,2025-03-29 14:20:05.463
ABCF0007,4,82,2025-03-29 14:20:05.464
ABCF0001,4,81,2025-03-29 14:20:05.465
ABCF0005,1,82,2025-03-29 14:20:05.466
ABCF0007,1,76,2025-03-29 14:20:05.894
ABCF0001,1,84,2025-03-29 14:20:05.895
ABCF0001,1,82,2025-03-29 14:20:05.897
ABCF0005,2,86,2025-03-29 14:20:05.898
ABCF0007,2,80,2025-03-29 14:20:05.900
ABCF0001,4,80,2025-03-29 14:20:05.901
ABCF0007,4,81,2025-03-29 14:20:05.903
ABCF0007,1,77,2025-03-29 14:20:06.317
ABCF0005,1,81,2025-03-29 14:20:06.318
ABCF0001,1,86,2025-03-29 14:20:06.319
ABCF0001,1,83,2025-03-29 14:20:06.321
ABCF0005,1,83,2025-03-29 14:20:06.322
ABCF0007,1,76,2025-03-29 14:20:06.324
ABCF0001,2,79,2025-03-29 14:20:06.324
ABCF0001,4,78,2025-03-29 14:20:06.763
ABCF0007,4,75,2025-03-29 14:20:06.765
ABCF0005,1,82,2025-03-29 14:20:06.767
ABCF0001,1,85,2025-03-29 14:20:06.769
ABCF0007,1,76,2025-03-29 14:20:06.772
ABCF0001,1,83,2025-03-29 14:20:06.773
ABCF0005,1,83,2025-03-29 14:20:06.775
ABCF0007,1,75,2025-03-29 14:20:07.185
ABCF0005,2,80,2025-03-29 14:20:07.187
ABCF0007,2,74,2025-03-29 14:20:07.191
ABCF0007,3,77,2025-03-29 14:20:07.193
ABCF0001,3,83,2025-03-29 14:20:07.195
ABCF0001,1,81,2025-03-29 14:20:07.198
ABCF0005,1,80,2025-03-29 14:20:07.200
ABCF0005,2,80,2025-03-29 14:20:07.627
ABCF0007,2,73,2025-03-29 14:20:07.629
ABCF0001,2,78,2025-03-29 14:20:07.631
ABCF0007,3,78,2025-03-29 14:20:07.633
ABCF0001,4,79,2025-03-29 14:20:07.635
ABCF0007,4,73,2025-03-29 14:20:07.638
ABCF0001,1,81,2025-03-29 14:20:07.640
ABCF0001,1,84,2025-03-29 14:20:08.097
ABCF0007,3,79,2025-03-29 14:20:08.099
ABCF0001,3,82,2025-03-29 14:20:08.101
ABCF0007,4,82,2025-03-29 14:20:08.104
ABCF0001,4,82,2025-03-29 14:20:08.107
ABCF0005,1,81,2025-03-29 14:20:08.109
ABCF0001,1,80,2025-03-29 14:20:08.112
ABCF0005,1,83,2025-03-29 14:20:08.563
ABCF0001,1,81,2025-03-29 14:20:08.564
ABCF0005,2,81,2025-03-29 14:20:08.567
ABCF0007,2,77,2025-03-29 14:20:08.569
ABCF0007,4,74,2025-03-29 14:20:08.572
ABCF0001,4,78,2025-03-29 14:20:08.574
ABCF0001,1,79,2025-03-29 14:20:08.576
ABCF0001,1,84,2025-03-29 14:20:09.004
ABCF0005,1,83,2025-03-29 14:20:09.013
ABCF0007,1,75,2025-03-29 14:20:09.020
ABCF0005,2,85,2025-03-29 14:20:09.024
ABCF0007,2,80,2025-03-29 14:20:09.028
ABCF0007,4,75,2025-03-29 14:20:09.031
ABCF0001,4,79,2025-03-29 14:20:09.034
ABCF0001,1,84,2025-03-29 14:20:09.548
ABCF0001,1,85,2025-03-29 14:20:09.549
ABCF0005,1,82,2025-03-29 14:20:09.551
ABCF0007,1,76,2025-03-29 14:20:09.553
ABCF0007,2,79,2025-03-29 14:20:09.555
ABCF0005,2,83,2025-03-29 14:20:09.557
ABCF0007,4,74,2025-03-29 14:20:09.560
ABCF0001,4,78,2025-03-29 14:20:09.990
ABCF0001,1,85,2025-03-29 14:20:09.994
ABCF0001,1,80,2025-03-29 14:20:09.997
ABCF0005,2,84,2025-03-29 14:20:09.999
ABCF0007,2,79,2025-03-29 14:20:10.001
ABCF0001,3,83,2025-03-29 14:20:10.003
ABCF0007,3,78,2025-03-29 14:20:10.005
ABCF0001,1,85,2025-03-29 14:20:10.454
ABCF0005,2,80,2025-03-29 14:20:10.458
ABCF0007,2,77,2025-03-29 14:20:10.461
ABCF0007,4,75,2025-03-29 14:20:10.465
ABCF0001,4,79,2025-03-29 14:20:10.468
ABCF0001,1,81,2025-03-29 14:20:10.473
ABCF0005,1,79,2025-03-29 14:20:10.474
ABCF0007,3,78,2025-03-29 14:20:10.914
ABCF0001,1,81,2025-03-29 14:20:10.916
ABCF0005,1,83,2025-03-29 14:20:10.918
ABCF0007,1,73,2025-03-29 14:20:10.920
ABCF0005,2,81,2025-03-29 14:20:10.922
ABCF0007,2,73,2025-03-29 14:20:10.925
ABCF0001,3,81,2025-03-29 14:20:10.928
ABCF0007,3,78,2025-03-29 14:20:11.357
ABCF0001,4,78,2025-03-29 14:20:11.359
ABCF0007,4,74,2025-03-29 14:20:11.361
ABCF0001,1,83,2025-03-29 14:20:11.364
ABCF0001,1,83,2025-03-29 14:20:11.366
ABCF0007,2,79,2025-03-29 14:20:11.368
ABCF0005,2,85,2025-03-29 14:20:11.370
ABCF0007,4,82,2025-03-29 14:20:11.822
ABCF0001,4,82,2025-03-29 14:20:11.824
ABCF0001,1,84,2025-03-29 14:20:11.826
ABCF0001,1,81,2025-03-29 14:20:11.829
ABCF0005,1,82,2025-03-29 14:20:11.831
ABCF0005,2,82,2025-03-29 14:20:11.834
ABCF0007,2,78,2025-03-29 14:20:11.837
ABCF0005,4,79,2025-03-29 14:20:12.287
ABCF0007,4,81,2025-03-29 14:20:12.293
ABCF0001,4,80,2025-03-29 14:20:12.301
ABCF0001,1,84,2025-03-29 14:20:12.304
ABCF0001,1,84,2025-03-29 14:20:12.308
ABCF0005,2,85,2025-03-29 14:20:12.313
ABCF0007,2,80,2025-03-29 14:20:12.315
ABCF0001,4,81,2025-03-29 14:20:12.730
ABCF0007,4,80,2025-03-29 14:20:12.732
ABCF0005,4,80,2025-03-29 14:20:12.734
ABCF0005,1,82,2025-03-29 14:20:12.736
ABCF0001,1,80,2025-03-29 14:20:12.739
ABCF0005,1,83,2025-03-29 14:20:12.741
ABCF0007,1,76,2025-03-29 14:20:12.743
ABCF0001,1,85,2025-03-29 14:20:13.173
ABCF0007,2,78,2025-03-29 14:20:13.175
ABCF0005,2,83,2025-03-29 14:20:13.180
ABCF0001,4,80,2025-03-29 14:20:13.182
ABCF0007,4,81,2025-03-29 14:20:13.185
ABCF0005,4,78,2025-03-29 14:20:13.188
ABCF0001,1,80,2025-03-29 14:20:13.191
ABCF0001,1,84,2025-03-29 14:20:13.638
ABCF0007,2,77,2025-03-29 14:20:13.640
ABCF0005,2,85,2025-03-29 14:20:13.642
ABCF0001,3,87,2025-03-29 14:20:13.645
ABCF0007,4,82,2025-03-29 14:20:13.647
ABCF0001,4,80,2025-03-29 14:20:13.651
ABCF0007,1,76,2025-03-29 14:20:13.652
ABCF0005,1,82,2025-03-29 14:20:14.067
ABCF0001,1,87,2025-03-29 14:20:14.069
ABCF0005,1,83,2025-03-29 14:20:14.071
ABCF0001,1,83,2025-03-29 14:20:14.073
ABCF0007,1,74,2025-03-29 14:20:14.075
ABCF0001,3,80,2025-03-29 14:20:14.078
ABCF0007,3,78,2025-03-29 14:20:14.080
ABCF0001,1,84,2025-03-29 14:20:14.511
ABCF0005,2,83,2025-03-29 14:20:14.515
ABCF0007,2,78,2025-03-29 14:20:14.521
ABCF0007,3,75,2025-03-29 14:20:14.524
ABCF0001,4,80,2025-03-29 14:20:14.528
ABCF0005,4,81,2025-03-29 14:20:14.530
ABCF0007,4,80,2025-03-29 14:20:14.533
ABCF0005,2,81,2025-03-29 14:20:15.054
ABCF0007,2,76,2025-03-29 14:20:15.056
ABCF0007,4,81,2025-03-29 14:20:15.058
ABCF0001,4,79,2025-03-29 14:20:15.060
ABCF0005,2,86,2025-03-29 14:20:15.063
ABCF0007,2,81,2025-03-29 14:20:15.065
ABCF0001,1,80,2025-03-29 14:20:15.068
ABCF0005,2,84,2025-03-29 14:20:15.499
ABCF0007,2,80,2025-03-29 14:20:15.501
ABCF0007,4,81,2025-03-29 14:20:15.503
ABCF0001,4,80,2025-03-29 14:20:15.505
ABCF0001,1,83,2025-03-29 14:20:15.507
ABCF0005,1,84,2025-03-29 14:20:15.509
ABCF0007,1,74,2025-03-29 14:20:15.511
ABCF0005,2,82,2025-03-29 14:20:15.984
ABCF0007,2,76,2025-03-29 14:20:15.986
ABCF0007,4,81,2025-03-29 14:20:15.988
ABCF0001,4,81,2025-03-29 14:20:15.991
ABCF0001,1,82,2025-03-29 14:20:15.993
ABCF0001,2,79,2025-03-29 14:20:15.995
ABCF0005,2,80,2025-03-29 14:20:15.997
ABCF0007,2,73,2025-03-29 14:20:16.467
ABCF0001,1,84,2025-03-29 14:20:16.469
ABCF0001,2,78,2025-03-29 14:20:16.472
ABCF0001,3,85,2025-03-29 14:20:16.475
ABCF0001,4,81,2025-03-29 14:20:16.477
ABCF0007,4,82,2025-03-29 14:20:16.479
ABCF0007,2,79,2025-03-29 14:20:16.482
ABCF0005,2,83,2025-03-29 14:20:16.907
ABCF0005,1,81,2025-03-29 14:20:16.909
ABCF0007,1,77,2025-03-29 14:20:16.912
ABCF0001,1,87,2025-03-29 14:20:16.914
ABCF0005,2,83,2025-03-29 14:20:16.916
ABCF0007,2,76,2025-03-29 14:20:16.918
ABCF0007,4,79,2025-03-29 14:20:16.921
ABCF0007,2,74,2025-03-29 14:20:17.389
ABCF0005,2,81,2025-03-29 14:20:17.391
ABCF0001,1,84,2025-03-29 14:20:17.393
ABCF0007,2,80,2025-03-29 14:20:17.396
ABCF0005,2,85,2025-03-29 14:20:17.398
ABCF0007,4,74,2025-03-29 14:20:17.400
ABCF0001,4,79,2025-03-29 14:20:17.402
ABCF0005,1,83,2025-03-29 14:20:17.816
ABCF0001,1,82,2025-03-29 14:20:17.818
ABCF0007,1,72,2025-03-29 14:20:17.820
ABCF0005,1,81,2025-03-29 14:20:17.822
ABCF0001,1,81,2025-03-29 14:20:17.824
ABCF0005,2,84,2025-03-29 14:20:17.827
ABCF0007,2,80,2025-03-29 14:20:17.829
ABCF0007,4,82,2025-03-29 14:20:18.281
ABCF0001,4,81,2025-03-29 14:20:18.283
ABCF0005,2,84,2025-03-29 14:20:18.286
ABCF0007,2,79,2025-03-29 14:20:18.288
ABCF0007,1,75,2025-03-29 14:20:18.291
ABCF0005,1,82,2025-03-29 14:20:18.294
ABCF0001,1,84,2025-03-29 14:20:18.295
ABCF0005,2,81,2025-03-29 14:20:18.762
ABCF0005,4,83,2025-03-29 14:20:18.764
ABCF0007,2,76,2025-03-29 14:20:18.766
ABCF0005,2,82,2025-03-29 14:20:18.768
ABCF0001,1,83,2025-03-29 14:20:18.771
ABCF0007,1,75,2025-03-29 14:20:18.773
ABCF0005,1,83,2025-03-29 14:20:18.775
ABCF0007,2,80,2025-03-29 14:20:19.207
ABCF0005,2,85,2025-03-29 14:20:19.208
ABCF0001,4,79,2025-03-29 14:20:19.210
ABCF0007,4,74,2025-03-29 14:20:19.212
ABCF0001,1,86,2025-03-29 14:20:19.215
ABCF0007,1,77,2025-03-29 14:20:19.216
ABCF0005,1,82,2025-03-29 14:20:19.220
ABCF0005,1,81,2025-03-29 14:20:19.669
ABCF0001,1,86,2025-03-29 14:20:19.671
ABCF0007,1,77,2025-03-29 14:20:19.673
ABCF0001,2,78,2025-03-29 14:20:19.676
ABCF0001,3,86,2025-03-29 14:20:19.678
ABCF0001,1,82,2025-03-29 14:20:19.680
ABCF0005,2,82,2025-03-29 14:20:19.683
ABCF0007,2,76,2025-03-29 14:20:20.131
ABCF0001,4,80,2025-03-29 14:20:20.133
ABCF0007,4,82,2025-03-29 14:20:20.135
ABCF0001,1,83,2025-03-29 14:20:20.137
ABCF0007,2,81,2025-03-29 14:20:20.140
ABCF0005,2,85,2025-03-29 14:20:20.141
ABCF0001,1,82,2025-03-29 14:20:20.144
ABCF0007,2,77,2025-03-29 14:20:20.597
ABCF0005,2,82,2025-03-29 14:20:20.598
ABCF0007,4,81,2025-03-29 14:20:20.601
ABCF0001,4,81,2025-03-29 14:20:20.604
ABCF0001,1,83,2025-03-29 14:20:20.608
ABCF0007,2,80,2025-03-29 14:20:20.611
ABCF0005,2,86,2025-03-29 14:20:20.615
ABCF0001,1,85,2025-03-29 14:20:21.079
ABCF0005,2,82,2025-03-29 14:20:21.081
ABCF0007,2,77,2025-03-29 14:20:21.083
ABCF0001,4,78,2025-03-29 14:20:21.085
ABCF0007,4,75,2025-03-29 14:20:21.088
ABCF0001,1,85,2025-03-29 14:20:21.090
ABCF0001,1,85,2025-03-29 14:20:21.092
ABCF0005,2,85,2025-03-29 14:20:21.546
ABCF0007,2,79,2025-03-29 14:20:21.548
ABCF0007,4,80,2025-03-29 14:20:21.554
ABCF0001,4,79,2025-03-29 14:20:21.558
ABCF0001,1,83,2025-03-29 14:20:21.560
ABCF0005,2,78,2025-03-29 14:20:21.562
ABCF0001,2,79,2025-03-29 14:20:21.564
ABCF0001,1,85,2025-03-29 14:20:22.009
ABCF0007,2,74,2025-03-29 14:20:22.011
ABCF0005,2,81,2025-03-29 14:20:22.013
ABCF0001,3,79,2025-03-29 14:20:22.016
ABCF0001,4,78,2025-03-29 14:20:22.017
ABCF0007,4,75,2025-03-29 14:20:22.019
ABCF0001,1,81,2025-03-29 14:20:22.021
ABCF0005,1,79,2025-03-29 14:20:22.491
ABCF0001,1,84,2025-03-29 14:20:22.492
ABCF0001,2,78,2025-03-29 14:20:22.495
ABCF0007,4,82,2025-03-29 14:20:22.498
ABCF0001,4,81,2025-03-29 14:20:22.501
ABCF0001,1,86,2025-03-29 14:20:22.503
ABCF0005,2,82,2025-03-29 14:20:22.506
ABCF0001,1,84,2025-03-29 14:20:22.954
ABCF0005,2,86,2025-03-29 14:20:22.955
ABCF0007,2,77,2025-03-29 14:20:22.958
ABCF0001,4,82,2025-03-29 14:20:22.960
ABCF0007,4,82,2025-03-29 14:20:22.963
ABCF0007,1,77,2025-03-29 14:20:22.965
ABCF0001,1,87,2025-03-29 14:20:22.967
ABCF0005,1,80,2025-03-29 14:20:23.396
ABCF0001,1,86,2025-03-29 14:20:23.398
ABCF0007,2,76,2025-03-29 14:20:23.400
ABCF0005,2,82,2025-03-29 14:20:23.402
ABCF0007,3,78,2025-03-29 14:20:23.405
ABCF0001,3,82,2025-03-29 14:20:23.407
ABCF0007,4,79,2025-03-29 14:20:23.409
ABCF0001,4,81,2025-03-29 14:20:23.821
ABCF0005,4,80,2025-03-29 14:20:23.824
ABCF0005,1,82,2025-03-29 14:20:23.827
ABCF0001,1,83,2025-03-29 14:20:23.830
ABCF0007,1,76,2025-03-29 14:20:23.833
ABCF0001,1,79,2025-03-29 14:20:23.835
ABCF0007,2,80,2025-03-29 14:20:23.837
ABCF0005,2,86,2025-03-29 14:20:24.262
ABCF0001,3,80,2025-03-29 14:20:24.264
ABCF0007,3,78,2025-03-29 14:20:24.266
ABCF0001,1,84,2025-03-29 14:20:24.268
ABCF0001,2,77,2025-03-29 14:20:24.271
ABCF0005,2,81,2025-03-29 14:20:24.273
ABCF0007,3,76,2025-03-29 14:20:24.275
ABCF0001,3,78,2025-03-29 14:20:24.687
ABCF0007,4,83,2025-03-29 14:20:24.689
ABCF0001,4,82,2025-03-29 14:20:24.691
ABCF0001,1,86,2025-03-29 14:20:24.694
ABCF0005,1,80,2025-03-29 14:20:24.697
ABCF0007,1,78,2025-03-29 14:20:24.699
ABCF0001,1,86,2025-03-29 14:20:24.702
ABCF0007,4,75,2025-03-29 14:20:25.192
ABCF0001,4,78,2025-03-29 14:20:25.194
ABCF0001,1,84,2025-03-29 14:20:25.196
ABCF0005,2,80,2025-03-29 14:20:25.198
ABCF0001,2,78,2025-03-29 14:20:25.201
ABCF0001,1,85,2025-03-29 14:20:25.203
ABCF0005,2,81,2025-03-29 14:20:25.205
ABCF0001,4,81,2025-03-29 14:20:25.713
ABCF0007,4,82,2025-03-29 14:20:25.715
ABCF0001,1,83,2025-03-29 14:20:25.717
ABCF0007,2,79,2025-03-29 14:20:25.719
ABCF0005,2,85,2025-03-29 14:20:25.722
ABCF0001,1,83,2025-03-29 14:20:25.724
ABCF0007,4,76,2025-03-29 14:20:25.726
ABCF0001,4,77,2025-03-29 14:20:26.158
ABCF0001,1,82,2025-03-29 14:20:26.160
ABCF0005,1,79,2025-03-29 14:20:26.162
ABCF0007,2,77,2025-03-29 14:20:26.164
ABCF0005,2,82,2025-03-29 14:20:26.166
ABCF0001,1,84,2025-03-29 14:20:26.169
ABCF0005,2,87,2025-03-29 14:20:26.171
ABCF0007,2,78,2025-03-29 14:20:26.603
ABCF0007,4,76,2025-03-29 14:20:26.605
ABCF0001,4,78,2025-03-29 14:20:26.607
ABCF0001,1,86,2025-03-29 14:20:26.612
ABCF0007,1,77,2025-03-29 14:20:26.615
ABCF0005,1,81,2025-03-29 14:20:26.619
ABCF0005,1,81,2025-03-29 14:20:26.621
ABCF0001,1,81,2025-03-29 14:20:27.067
ABCF0005,2,84,2025-03-29 14:20:27.068
ABCF0007,2,78,2025-03-29 14:20:27.070
ABCF0007,4,82,2025-03-29 14:20:27.072
ABCF0001,4,81,2025-03-29 14:20:27.075
ABCF0001,1,86,2025-03-29 14:20:27.077
ABCF0001,1,82,2025-03-29 14:20:27.080
ABCF0005,1,82,2025-03-29 14:20:27.530
ABCF0005,2,85,2025-03-29 14:20:27.532
ABCF0001,3,86,2025-03-29 14:20:27.534
ABCF0001,4,78,2025-03-29 14:20:27.536
ABCF0007,4,76,2025-03-29 14:20:27.538
ABCF0001,1,79,2025-03-29 14:20:27.540
ABCF0005,2,83,2025-03-29 14:20:27.543
ABCF0001,1,82,2025-03-29 14:20:27.997
ABCF0005,1,79,2025-03-29 14:20:27.999
ABCF0005,2,84,2025-03-29 14:20:28.001
ABCF0007,2,79,2025-03-29 14:20:28.003
ABCF0005,4,82,2025-03-29 14:20:28.005
ABCF0005,1,81,2025-03-29 14:20:28.008
ABCF0001,1,86,2025-03-29 14:20:28.010
ABCF0001,4,78,2025-03-29 14:20:42.003
ABCF0007,4,76,2025-03-29 14:20:42.005
ABCF0001,1,79,2025-03-29 14:20:42.009
ABCF0001,4,79,2025-03-29 14:20:42.011
ABCF0007,4,75,2025-03-29 14:20:42.014
ABCF0001,1,78,2025-03-29 14:20:42.017
ABCF0001,1,80,2025-03-29 14:20:42.624
ABCF0007,4,76,2025-03-29 14:20:42.625
ABCF0001,4,81,2025-03-29 14:20:42.627
ABCF0001,1,81,2025-03-29 14:20:42.630
ABCF0001,1,79,2025-03-29 14:20:42.632
ABCF0007,4,76,2025-03-29 14:20:42.634
ABCF0001,1,79,2025-03-29 14:20:42.637
ABCF0007,4,74,2025-03-29 14:20:43.284
ABCF0001,1,79,2025-03-29 14:20:43.287
ABCF0001,1,78,2025-03-29 14:20:43.291
ABCF0001,4,78,2025-03-29 14:20:43.294
ABCF0001,1,80,2025-03-29 14:20:43.297
ABCF0007,4,76,2025-03-29 14:20:43.300
ABCF0007,2,74,2025-03-29 14:20:43.302
ABCF0001,4,81,2025-03-29 14:20:43.869
ABCF0007,4,75,2025-03-29 14:20:43.870
ABCF0001,1,79,2025-03-29 14:20:43.873
ABCF0007,2,74,2025-03-29 14:20:43.875
ABCF0001,1,80,2025-03-29 14:20:43.877
ABCF0001,1,80,2025-03-29 14:20:43.880
ABCF0007,4,74,2025-03-29 14:20:43.882
ABCF0001,1,78,2025-03-29 14:20:44.511
ABCF0007,2,75,2025-03-29 14:20:44.513
ABCF0001,1,79,2025-03-29 14:20:44.516
ABCF0007,4,74,2025-03-29 14:20:44.518
ABCF0001,1,80,2025-03-29 14:20:44.520
ABCF0007,4,74,2025-03-29 14:20:44.522
ABCF0001,1,80,2025-03-29 14:20:44.525
ABCF0007,4,72,2025-03-29 14:20:45.134
ABCF0001,1,78,2025-03-29 14:20:45.137
ABCF0001,1,80,2025-03-29 14:20:45.141
ABCF0007,4,75,2025-03-29 14:20:45.144
ABCF0007,2,75,2025-03-29 14:20:45.147
ABCF0001,4,80,2025-03-29 14:20:45.149
ABCF0001,1,79,2025-03-29 14:20:45.152
ABCF0007,2,75,2025-03-29 14:20:46.012
ABCF0001,1,79,2025-03-29 14:20:46.013
ABCF0007,4,74,2025-03-29 14:20:46.015
ABCF0001,1,81,2025-03-29 14:20:46.017
ABCF0001,1,78,2025-03-29 14:20:46.019
ABCF0007,4,74,2025-03-29 14:20:46.021
ABCF0001,4,79,2025-03-29 14:20:46.025
ABCF0007,4,74,2025-03-29 14:20:46.734
ABCF0001,1,78,2025-03-29 14:20:46.735
ABCF0001,1,79,2025-03-29 14:20:46.738
ABCF0001,1,79,2025-03-29 14:20:46.740
ABCF0007,2,73,2025-03-29 14:20:46.743
ABCF0001,1,78,2025-03-29 14:20:46.745
ABCF0001,1,78,2025-03-29 14:20:46.747
ABCF0001,4,78,2025-03-29 14:20:47.600
ABCF0001,1,79,2025-03-29 14:20:47.603
ABCF0001,1,78,2025-03-29 14:20:47.606
ABCF0007,2,74,2025-03-29 14:20:47.610
ABCF0001,1,77,2025-03-29 14:20:47.612
ABCF0007,2,74,2025-03-29 14:20:47.615
ABCF0007,4,74,2025-03-29 14:20:48.279
ABCF0001,4,79,2025-03-29 14:20:48.282
ABCF0001,1,78,2025-03-29 14:20:48.285
ABCF0001,4,80,2025-03-29 14:20:48.287
ABCF0001,1,80,2025-03-29 14:20:48.289
ABCF0007,2,73,2025-03-29 14:20:48.291
ABCF0001,1,79,2025-03-29 14:20:48.293
ABCF0007,4,75,2025-03-29 14:20:49.060
ABCF0001,1,79,2025-03-29 14:20:49.062
ABCF0001,1,79,2025-03-29 14:20:49.065
ABCF0007,4,75,2025-03-29 14:20:49.067
ABCF0001,1,78,2025-03-29 14:20:49.069
ABCF0007,4,74,2025-03-29 14:20:49.071
ABCF0001,4,80,2025-03-29 14:20:49.755
ABCF0001,1,81,2025-03-29 14:20:49.757
ABCF0001,1,79,2025-03-29 14:20:49.759
ABCF0007,4,74,2025-03-29 14:20:49.762
ABCF0001,1,81,2025-03-29 14:20:49.765
ABCF0001,1,79,2025-03-29 14:20:49.766
ABCF0001,1,80,2025-03-29 14:20:50.454
ABCF0001,4,80,2025-03-29 14:20:50.456
ABCF0007,4,74,2025-03-29 14:20:50.459
ABCF0001,1,80,2025-03-29 14:20:50.461
ABCF0001,1,80,2025-03-29 14:20:50.463
ABCF0001,4,78,2025-03-29 14:20:50.465
ABCF0001,1,80,2025-03-29 14:20:50.467
ABCF0001,1,79,2025-03-29 14:20:51.289
ABCF0007,2,73,2025-03-29 14:20:51.292
ABCF0001,1,79,2025-03-29 14:20:51.298
ABCF0001,1,79,2025-03-29 14:20:51.300
ABCF0001,1,78,2025-03-29 14:20:51.302
ABCF0001,1,78,2025-03-29 14:20:51.304
ABCF0007,2,75,2025-03-29 14:20:51.967
ABCF0001,1,79,2025-03-29 14:20:51.969
ABCF0001,1,78,2025-03-29 14:20:51.971
ABCF0007,4,76,2025-03-29 14:20:51.974
ABCF0001,1,79,2025-03-29 14:20:51.977
ABCF0001,1,80,2025-03-29 14:20:51.979
ABCF0007,4,75,2025-03-29 14:20:51.981
ABCF0001,1,80,2025-03-29 14:20:52.607
ABCF0001,1,78,2025-03-29 14:20:52.609
ABCF0001,1,78,2025-03-29 14:20:52.611
ABCF0007,2,75,2025-03-29 14:20:52.613
ABCF0007,4,74,2025-03-29 14:20:52.615
ABCF0001,1,80,2025-03-29 14:20:52.617
ABCF0007,4,75,2025-03-29 14:20:52.619
ABCF0001,1,78,2025-03-29 14:20:53.189
ABCF0001,1,80,2025-03-29 14:20:53.191
ABCF0007,2,75,2025-03-29 14:20:53.193
ABCF0001,1,78,2025-03-29 14:20:53.195
ABCF0007,2,75,2025-03-29 14:20:53.198
ABCF0007,4,76,2025-03-29 14:20:53.200
ABCF0001,1,80,2025-03-29 14:20:53.202
ABCF0007,4,73,2025-03-29 14:20:53.811
ABCF0001,1,80,2025-03-29 14:20:53.813
ABCF0001,4,81,2025-03-29 14:20:53.816
ABCF0007,4,74,2025-03-29 14:20:53.818
ABCF0001,1,78,2025-03-29 14:20:53.820
ABCF0007,4,77,2025-03-29 14:20:53.823
ABCF0001,1,80,2025-03-29 14:20:53.825
ABCF0001,1,79,2025-03-29 14:20:54.531
ABCF0001,1,78,2025-03-29 14:20:54.532
ABCF0007,4,75,2025-03-29 14:20:54.535
ABCF0001,1,79,2025-03-29 14:20:54.537
ABCF0001,1,81,2025-03-29 14:20:54.540
ABCF0001,1,78,2025-03-29 14:20:54.541
ABCF0001,4,82,2025-03-29 14:20:54.544
ABCF0007,4,76,2025-03-29 14:20:55.151
ABCF0007,4,76,2025-03-29 14:20:55.154
ABCF0001,1,78,2025-03-29 14:20:55.157
ABCF0001,1,81,2025-03-29 14:20:55.159
ABCF0001,1,78,2025-03-29 14:20:55.161
ABCF0007,2,74,2025-03-29 14:20:55.163
ABCF0007,4,75,2025-03-29 14:20:55.166
ABCF0001,4,81,2025-03-29 14:20:55.773
ABCF0001,1,77,2025-03-29 14:20:55.776
ABCF0001,4,81,2025-03-29 14:20:55.780
ABCF0007,4,75,2025-03-29 14:20:55.783
ABCF0007,4,76,2025-03-29 14:20:55.786
ABCF0001,1,80,2025-03-29 14:20:55.788
ABCF0001,1,79,2025-03-29 14:20:55.791
ABCF0001,4,81,2025-03-29 14:20:56.558
ABCF0007,4,77,2025-03-29 14:20:56.560
ABCF0001,1,79,2025-03-29 14:20:56.562
ABCF0007,4,74,2025-03-29 14:20:56.564
ABCF0001,4,82,2025-03-29 14:20:56.566
ABCF0001,1,77,2025-03-29 14:20:56.568
ABCF0001,1,80,2025-03-29 14:20:56.570
ABCF0007,2,73,2025-03-29 14:20:57.474
ABCF0001,1,81,2025-03-29 14:20:57.475
ABCF0001,1,81,2025-03-29 14:20:57.478
ABCF0001,1,79,2025-03-29 14:20:57.480
ABCF0001,1,80,2025-03-29 14:20:57.482
ABCF0001,1,80,2025-03-29 14:20:57.485
ABCF0001,1,81,2025-03-29 14:20:57.488
ABCF0007,2,73,2025-03-29 14:20:58.095
ABCF0007,4,75,2025-03-29 14:20:58.097
ABCF0001,1,81,2025-03-29 14:20:58.101
ABCF0001,1,80,2025-03-29 14:20:58.103
ABCF0007,4,74,2025-03-29 14:20:58.107
ABCF0001,1,79,2025-03-29 14:20:58.110
ABCF0001,1,79,2025-03-29 14:20:58.113
ABCF0007,4,75,2025-03-29 14:20:58.816
ABCF0001,1,80,2025-03-29 14:20:58.819
ABCF0001,4,80,2025-03-29 14:20:58.824
ABCF0001,1,78,2025-03-29 14:20:58.826
ABCF0001,1,78,2025-03-29 14:20:58.830
ABCF0001,1,79,2025-03-29 14:20:58.833
ABCF0001,1,79,2025-03-29 14:20:58.836
ABCF0007,2,75,2025-03-29 14:20:59.536
ABCF0001,1,80,2025-03-29 14:20:59.538
ABCF0007,2,74,2025-03-29 14:20:59.540
ABCF0001,1,78,2025-03-29 14:20:59.543
ABCF0001,1,78,2025-03-29 14:20:59.546
ABCF0001,1,78,2025-03-29 14:20:59.547
ABCF0001,1,79,2025-03-29 14:20:59.550
ABCF0007,4,75,2025-03-29 14:21:00.138
ABCF0001,4,81,2025-03-29 14:21:00.140
ABCF0001,1,80,2025-03-29 14:21:00.143
ABCF0007,2,73,2025-03-29 14:21:00.146
ABCF0001,4,78,2025-03-29 14:21:00.149
ABCF0007,2,75,2025-03-29 14:21:00.151
ABCF0001,4,79,2025-03-29 14:21:00.154
ABCF0001,1,78,2025-03-29 14:21:00.881
ABCF0001,1,79,2025-03-29 14:21:00.883
ABCF0001,1,80,2025-03-29 14:21:00.886
ABCF0007,2,74,2025-03-29 14:21:00.889
ABCF0001,1,79,2025-03-29 14:21:00.892
ABCF0001,1,79,2025-03-29 14:21:00.895
ABCF0007,4,76,2025-03-29 14:21:00.897
ABCF0001,1,78,2025-03-29 14:21:01.582
ABCF0007,4,77,2025-03-29 14:21:01.584
ABCF0007,4,75,2025-03-29 14:21:01.586
ABCF0001,1,78,2025-03-29 14:21:01.589
ABCF0007,4,77,2025-03-29 14:21:01.591
ABCF0001,1,79,2025-03-29 14:21:01.593
ABCF0007,4,77,2025-03-29 14:21:01.596
ABCF0001,1,80,2025-03-29 14:21:02.489
ABCF0001,4,80,2025-03-29 14:21:02.491
ABCF0001,1,81,2025-03-29 14:21:02.495
ABCF0007,2,73,2025-03-29 14:21:02.497
ABCF0001,1,81,2025-03-29 14:21:02.499
ABCF0001,4,78,2025-03-29 14:21:02.501
ABCF0001,1,81,2025-03-29 14:21:02.503
ABCF0001,1,80,2025-03-29 14:21:03.187
ABCF0007,4,75,2025-03-29 14:21:03.188
ABCF0007,4,76,2025-03-29 14:21:03.191
ABCF0007,4,75,2025-03-29 14:21:03.193
ABCF0007,2,72,2025-03-29 14:21:03.195
ABCF0007,4,75,2025-03-29 14:21:03.197
